{
  "incomeStabilityScore" : 0.45,
  "debtToIncomeRatio" : 5.0,
  "paymentDisciplineRatio" : 0.9090909090909091,
  "latePaymentSeverity" : 0.09090909090909091,
  "ageIncomeRatio" : 328.35820895522386,
  "creditExperienceRatio" : 0.08955223880597014,
  "avgDebtPerCount" : 10000.0,
  "onTimeAmountRatio" : 0.9090909090909091,
  "lateDebtFrequency" : 0.09090909090909091,
  "monthlyPaymentCapacity" : 1833.3333333333333,
  "loanDurationExperience" : 2.0,
  "collateralToIncome" : 1.071549090909091,
  "collateralPerMonth" : 1964.506666666667,
  "creditUtilizationRatio" : 0.2222222222222222,
  "personTc" : 10000000025,
  "loanId" : 441,
  "age" : 67,
  "monthlyIncome" : 22000.0,
  "employmentStatusCode" : 5,
  "educationLevelCode" : 2,
  "maritalStatusCode" : 2,
  "loanTypeCode" : 2,
  "loanTerm" : 12,
  "totalDebtCount" : 11,
  "totalDebtAmount" : 110000.0,
  "onTimeDebtCount" : 10,
  "onTimeDebtAmount" : 100000.0,
  "lateDebtCount" : 1,
  "lateDebtAmount" : 10000.0,
  "loanApplicationsLastYear" : 5,
  "creditCardLimit" : 18000.0,
  "currentCardDebt" : 4000.0,
  "creditCardUsageDuration" : 6,
  "collateralCount" : 1,
  "totalCollateralValue" : 23574.08,
  "creditScore" : 0,
  "eligibleLoanAmount" : 0
}