{
  "incomeStabilityScore" : 0.44999999999999996,
  "debtToIncomeRatio" : 1.8193990188062141,
  "paymentDisciplineRatio" : 0.3333333333333333,
  "latePaymentSeverity" : 0.30335374417167577,
  "ageIncomeRatio" : 132.21621621621622,
  "creditExperienceRatio" : 0.08108108108108109,
  "avgDebtPerCount" : 2966.8333333333335,
  "onTimeAmountRatio" : 0.6966462558283243,
  "lateDebtFrequency" : 0.6666666666666666,
  "monthlyPaymentCapacity" : 50.958333333333336,
  "loanDurationExperience" : 32.0,
  "collateralToIncome" : 116.18706663941128,
  "collateralPerMonth" : 5920.699270833334,
  "creditUtilizationRatio" : 0.5081587301587301,
  "personTc" : 10000000040,
  "loanId" : 993,
  "age" : 37,
  "monthlyIncome" : 4892.0,
  "employmentStatusCode" : 4,
  "educationLevelCode" : 3,
  "maritalStatusCode" : 1,
  "loanTypeCode" : 3,
  "loanTerm" : 96,
  "totalDebtCount" : 3,
  "totalDebtAmount" : 8900.5,
  "onTimeDebtCount" : 1,
  "onTimeDebtAmount" : 6200.5,
  "lateDebtCount" : 2,
  "lateDebtAmount" : 2700.0,
  "loanApplicationsLastYear" : 1,
  "creditCardLimit" : 3150.0,
  "currentCardDebt" : 1600.7,
  "creditCardUsageDuration" : 3,
  "collateralCount" : 2,
  "totalCollateralValue" : 568387.13,
  "creditScore" : 0,
  "eligibleLoanAmount" : 0
}