{
  "incomeStabilityScore" : 0.8500000000000001,
  "debtToIncomeRatio" : 1.4343350746268657,
  "paymentDisciplineRatio" : 0.7857142857142857,
  "latePaymentSeverity" : 0.02601444634234283,
  "ageIncomeRatio" : 2913.0434782608695,
  "creditExperienceRatio" : 0.21739130434782608,
  "avgDebtPerCount" : 13728.635714285714,
  "onTimeAmountRatio" : 0.9739855536576572,
  "lateDebtFrequency" : 0.21428571428571427,
  "monthlyPaymentCapacity" : 2233.3333333333335,
  "loanDurationExperience" : 6.0,
  "collateralToIncome" : 1.3656716417910448,
  "collateralPerMonth" : 3050.0,
  "creditUtilizationRatio" : 0.31314343434343433,
  "personTc" : 10000000074,
  "loanId" : 149,
  "age" : 46,
  "monthlyIncome" : 134000.0,
  "employmentStatusCode" : 3,
  "educationLevelCode" : 4,
  "maritalStatusCode" : 3,
  "loanTypeCode" : 5,
  "loanTerm" : 60,
  "totalDebtCount" : 14,
  "totalDebtAmount" : 192200.9,
  "onTimeDebtCount" : 11,
  "onTimeDebtAmount" : 187200.9,
  "lateDebtCount" : 3,
  "lateDebtAmount" : 5000.0,
  "loanApplicationsLastYear" : 7,
  "creditCardLimit" : 49500.0,
  "currentCardDebt" : 15500.6,
  "creditCardUsageDuration" : 10,
  "collateralCount" : 2,
  "totalCollateralValue" : 183000.0,
  "creditScore" : 0,
  "eligibleLoanAmount" : 0
}