{
  "incomeStabilityScore" : 0.8500000000000001,
  "debtToIncomeRatio" : 1.752178260869565,
  "paymentDisciplineRatio" : 0.8333333333333334,
  "latePaymentSeverity" : 0.02481383420884812,
  "ageIncomeRatio" : 2243.9024390243903,
  "creditExperienceRatio" : 0.21951219512195122,
  "avgDebtPerCount" : 13433.366666666667,
  "onTimeAmountRatio" : 0.9751861657911519,
  "lateDebtFrequency" : 0.16666666666666666,
  "monthlyPaymentCapacity" : 1179.4871794871794,
  "loanDurationExperience" : 8.666666666666666,
  "collateralToIncome" : 26.65823554347826,
  "collateralPerMonth" : 31443.04705128205,
  "creditUtilizationRatio" : 0.172432183908046,
  "personTc" : 10000000060,
  "loanId" : 648,
  "age" : 41,
  "monthlyIncome" : 92000.0,
  "employmentStatusCode" : 3,
  "educationLevelCode" : 4,
  "maritalStatusCode" : 2,
  "loanTypeCode" : 3,
  "loanTerm" : 78,
  "totalDebtCount" : 12,
  "totalDebtAmount" : 161200.4,
  "onTimeDebtCount" : 10,
  "onTimeDebtAmount" : 157200.4,
  "lateDebtCount" : 2,
  "lateDebtAmount" : 4000.0,
  "loanApplicationsLastYear" : 6,
  "creditCardLimit" : 43500.0,
  "currentCardDebt" : 7500.8,
  "creditCardUsageDuration" : 9,
  "collateralCount" : 2,
  "totalCollateralValue" : 2452557.67,
  "creditScore" : 0,
  "eligibleLoanAmount" : 0
}