{
  "incomeStabilityScore" : 0.75,
  "debtToIncomeRatio" : 0.8152640936679554,
  "paymentDisciplineRatio" : 0.8333333333333334,
  "latePaymentSeverity" : 0.041579609359570065,
  "ageIncomeRatio" : 1017.2396551724138,
  "creditExperienceRatio" : 0.10344827586206896,
  "avgDebtPerCount" : 8016.75,
  "onTimeAmountRatio" : 0.9584203906404299,
  "lateDebtFrequency" : 0.16666666666666666,
  "monthlyPaymentCapacity" : 1229.1645833333334,
  "loanDurationExperience" : 8.0,
  "collateralToIncome" : 2.292991513544938,
  "collateralPerMonth" : 2818.4639583333333,
  "creditUtilizationRatio" : 0.19394848484848484,
  "personTc" : 10000000048,
  "loanId" : 329,
  "age" : 58,
  "monthlyIncome" : 58999.9,
  "employmentStatusCode" : 7,
  "educationLevelCode" : 5,
  "maritalStatusCode" : 2,
  "loanTypeCode" : 4,
  "loanTerm" : 48,
  "totalDebtCount" : 6,
  "totalDebtAmount" : 48100.5,
  "onTimeDebtCount" : 5,
  "onTimeDebtAmount" : 46100.5,
  "lateDebtCount" : 1,
  "lateDebtAmount" : 2000.0,
  "loanApplicationsLastYear" : 3,
  "creditCardLimit" : 16500.0,
  "currentCardDebt" : 3200.15,
  "creditCardUsageDuration" : 6,
  "collateralCount" : 1,
  "totalCollateralValue" : 135286.27,
  "creditScore" : 0,
  "eligibleLoanAmount" : 0
}