{
  "incomeStabilityScore" : 0.75,
  "debtToIncomeRatio" : 1.1835992187500002,
  "paymentDisciplineRatio" : 0.8333333333333334,
  "latePaymentSeverity" : 0.0264025182721928,
  "ageIncomeRatio" : 2976.7441860465115,
  "creditExperienceRatio" : 0.20930232558139536,
  "avgDebtPerCount" : 12625.058333333334,
  "onTimeAmountRatio" : 0.9735974817278072,
  "lateDebtFrequency" : 0.16666666666666666,
  "monthlyPaymentCapacity" : 969.6969696969697,
  "loanDurationExperience" : 14.666666666666666,
  "collateralToIncome" : 12.075318828125,
  "collateralPerMonth" : 11709.400075757576,
  "creditUtilizationRatio" : 0.21520506329113925,
  "personTc" : 10000000053,
  "loanId" : 918,
  "age" : 43,
  "monthlyIncome" : 128000.0,
  "employmentStatusCode" : 3,
  "educationLevelCode" : 3,
  "maritalStatusCode" : 3,
  "loanTypeCode" : 3,
  "loanTerm" : 132,
  "totalDebtCount" : 12,
  "totalDebtAmount" : 151500.7,
  "onTimeDebtCount" : 10,
  "onTimeDebtAmount" : 147500.7,
  "lateDebtCount" : 2,
  "lateDebtAmount" : 4000.0,
  "loanApplicationsLastYear" : 5,
  "creditCardLimit" : 39500.0,
  "currentCardDebt" : 8500.6,
  "creditCardUsageDuration" : 9,
  "collateralCount" : 1,
  "totalCollateralValue" : 1545640.81,
  "creditScore" : 0,
  "eligibleLoanAmount" : 0
}