{
  "incomeStabilityScore" : 0.45,
  "debtToIncomeRatio" : 0.7311415094339623,
  "paymentDisciplineRatio" : 0.8333333333333334,
  "latePaymentSeverity" : 0.08602039543575782,
  "ageIncomeRatio" : 467.6470588235294,
  "creditExperienceRatio" : 0.20588235294117646,
  "avgDebtPerCount" : 3875.0499999999997,
  "onTimeAmountRatio" : 0.9139796045642422,
  "lateDebtFrequency" : 0.16666666666666666,
  "monthlyPaymentCapacity" : 757.1428571428571,
  "loanDurationExperience" : 3.0,
  "collateralToIncome" : 1.3598396226415095,
  "collateralPerMonth" : 1029.5928571428572,
  "creditUtilizationRatio" : 0.0,
  "personTc" : 10000000077,
  "loanId" : 638,
  "age" : 68,
  "monthlyIncome" : 31800.0,
  "employmentStatusCode" : 5,
  "educationLevelCode" : 2,
  "maritalStatusCode" : 2,
  "loanTypeCode" : 3,
  "loanTerm" : 42,
  "totalDebtCount" : 6,
  "totalDebtAmount" : 23250.3,
  "onTimeDebtCount" : 5,
  "onTimeDebtAmount" : 21250.3,
  "lateDebtCount" : 1,
  "lateDebtAmount" : 2000.0,
  "loanApplicationsLastYear" : 2,
  "creditCardLimit" : 9200.0,
  "currentCardDebt" : 0.0,
  "creditCardUsageDuration" : 14,
  "collateralCount" : 1,
  "totalCollateralValue" : 43242.9,
  "creditScore" : 0,
  "eligibleLoanAmount" : 0
}