{
  "incomeStabilityScore" : 0.6000000000000001,
  "debtToIncomeRatio" : 0.695129268292683,
  "paymentDisciplineRatio" : 0.6,
  "latePaymentSeverity" : 0.140349399830879,
  "ageIncomeRatio" : 891.304347826087,
  "creditExperienceRatio" : 0.08695652173913043,
  "avgDebtPerCount" : 2850.0299999999997,
  "onTimeAmountRatio" : 0.859650600169121,
  "lateDebtFrequency" : 0.4,
  "monthlyPaymentCapacity" : 488.0952380952381,
  "loanDurationExperience" : 21.0,
  "collateralToIncome" : 2.7386121951219513,
  "collateralPerMonth" : 1336.7035714285714,
  "creditUtilizationRatio" : 0.19420588235294117,
  "personTc" : 10000000079,
  "loanId" : 613,
  "age" : 23,
  "monthlyIncome" : 20500.0,
  "employmentStatusCode" : 2,
  "educationLevelCode" : 2,
  "maritalStatusCode" : 1,
  "loanTypeCode" : 1,
  "loanTerm" : 42,
  "totalDebtCount" : 5,
  "totalDebtAmount" : 14250.15,
  "onTimeDebtCount" : 3,
  "onTimeDebtAmount" : 12250.15,
  "lateDebtCount" : 2,
  "lateDebtAmount" : 2000.0,
  "loanApplicationsLastYear" : 2,
  "creditCardLimit" : 6800.0,
  "currentCardDebt" : 1320.6,
  "creditCardUsageDuration" : 2,
  "collateralCount" : 1,
  "totalCollateralValue" : 56141.55,
  "creditScore" : 0,
  "eligibleLoanAmount" : 0
}