{
  "incomeStabilityScore" : 0.7,
  "debtToIncomeRatio" : 1.0329938144329895,
  "paymentDisciplineRatio" : 0.7142857142857143,
  "latePaymentSeverity" : 0.03992000031936001,
  "ageIncomeRatio" : 822.0338983050848,
  "creditExperienceRatio" : 0.11864406779661017,
  "avgDebtPerCount" : 7157.171428571428,
  "onTimeAmountRatio" : 0.96007999968064,
  "lateDebtFrequency" : 0.2857142857142857,
  "monthlyPaymentCapacity" : 538.8888888888889,
  "loanDurationExperience" : 12.857142857142858,
  "collateralToIncome" : 0.8286909278350516,
  "collateralPerMonth" : 446.57233333333335,
  "creditUtilizationRatio" : 0.27979166666666666,
  "personTc" : 10000000083,
  "loanId" : 422,
  "age" : 59,
  "monthlyIncome" : 48500.0,
  "employmentStatusCode" : 7,
  "educationLevelCode" : 4,
  "maritalStatusCode" : 2,
  "loanTypeCode" : 3,
  "loanTerm" : 90,
  "totalDebtCount" : 7,
  "totalDebtAmount" : 50100.2,
  "onTimeDebtCount" : 5,
  "onTimeDebtAmount" : 48100.2,
  "lateDebtCount" : 2,
  "lateDebtAmount" : 2000.0,
  "loanApplicationsLastYear" : 3,
  "creditCardLimit" : 16800.0,
  "currentCardDebt" : 4700.5,
  "creditCardUsageDuration" : 7,
  "collateralCount" : 1,
  "totalCollateralValue" : 40191.51,
  "creditScore" : 0,
  "eligibleLoanAmount" : 0
}