{
  "incomeStabilityScore" : 0.75,
  "debtToIncomeRatio" : 1.378266235234164,
  "paymentDisciplineRatio" : 0.8461538461538461,
  "latePaymentSeverity" : 0.04375989561157939,
  "ageIncomeRatio" : 2984.441777777778,
  "creditExperienceRatio" : 0.2,
  "avgDebtPerCount" : 14238.537692307691,
  "onTimeAmountRatio" : 0.9562401043884207,
  "lateDebtFrequency" : 0.15384615384615385,
  "monthlyPaymentCapacity" : 973.1875362318841,
  "loanDurationExperience" : 15.333333333333334,
  "collateralToIncome" : 2.4079870361760563,
  "collateralPerMonth" : 2343.4229710144928,
  "creditUtilizationRatio" : 0.24699518072289156,
  "personTc" : 10000000039,
  "loanId" : 519,
  "age" : 45,
  "monthlyIncome" : 134299.88,
  "employmentStatusCode" : 3,
  "educationLevelCode" : 3,
  "maritalStatusCode" : 3,
  "loanTypeCode" : 5,
  "loanTerm" : 138,
  "totalDebtCount" : 13,
  "totalDebtAmount" : 185100.99,
  "onTimeDebtCount" : 11,
  "onTimeDebtAmount" : 177000.99,
  "lateDebtCount" : 2,
  "lateDebtAmount" : 8100.0,
  "loanApplicationsLastYear" : 6,
  "creditCardLimit" : 41500.0,
  "currentCardDebt" : 10250.3,
  "creditCardUsageDuration" : 9,
  "collateralCount" : 2,
  "totalCollateralValue" : 323392.37,
  "creditScore" : 0,
  "eligibleLoanAmount" : 0
}