{
  "incomeStabilityScore" : 0.55,
  "debtToIncomeRatio" : 0.57436820863086,
  "paymentDisciplineRatio" : 0.6666666666666666,
  "latePaymentSeverity" : 0.16215865602905882,
  "ageIncomeRatio" : 511.26984126984127,
  "creditExperienceRatio" : 0.1746031746031746,
  "avgDebtPerCount" : 3083.4,
  "onTimeAmountRatio" : 0.8378413439709411,
  "lateDebtFrequency" : 0.3333333333333333,
  "monthlyPaymentCapacity" : 1789.4444444444443,
  "loanDurationExperience" : 1.6363636363636365,
  "collateralToIncome" : 5.409533374728346,
  "collateralPerMonth" : 9680.059444444445,
  "creditUtilizationRatio" : 0.0,
  "personTc" : 10000000049,
  "loanId" : 431,
  "age" : 63,
  "monthlyIncome" : 32210.0,
  "employmentStatusCode" : 5,
  "educationLevelCode" : 3,
  "maritalStatusCode" : 3,
  "loanTypeCode" : 1,
  "loanTerm" : 18,
  "totalDebtCount" : 6,
  "totalDebtAmount" : 18500.4,
  "onTimeDebtCount" : 4,
  "onTimeDebtAmount" : 15500.4,
  "lateDebtCount" : 2,
  "lateDebtAmount" : 3000.0,
  "loanApplicationsLastYear" : 2,
  "creditCardLimit" : 7400.0,
  "currentCardDebt" : 0.0,
  "creditCardUsageDuration" : 11,
  "collateralCount" : 2,
  "totalCollateralValue" : 174241.07,
  "creditScore" : 0,
  "eligibleLoanAmount" : 0
}