{
  "incomeStabilityScore" : 0.6000000000000001,
  "debtToIncomeRatio" : 0.6498644340448758,
  "paymentDisciplineRatio" : 0.75,
  "latePaymentSeverity" : 0.11681731232568666,
  "ageIncomeRatio" : 1097.7129166666666,
  "creditExperienceRatio" : 0.08333333333333333,
  "avgDebtPerCount" : 4280.1875,
  "onTimeAmountRatio" : 0.8831826876743133,
  "lateDebtFrequency" : 0.25,
  "monthlyPaymentCapacity" : 439.0851666666667,
  "loanDurationExperience" : 30.0,
  "collateralToIncome" : 1.1620338651081736,
  "collateralPerMonth" : 510.2318333333333,
  "creditUtilizationRatio" : 0.2966620689655173,
  "personTc" : 10000000037,
  "loanId" : 712,
  "age" : 24,
  "monthlyIncome" : 26345.11,
  "employmentStatusCode" : 2,
  "educationLevelCode" : 2,
  "maritalStatusCode" : 1,
  "loanTypeCode" : 2,
  "loanTerm" : 60,
  "totalDebtCount" : 4,
  "totalDebtAmount" : 17120.75,
  "onTimeDebtCount" : 3,
  "onTimeDebtAmount" : 15120.75,
  "lateDebtCount" : 1,
  "lateDebtAmount" : 2000.0,
  "loanApplicationsLastYear" : 2,
  "creditCardLimit" : 7250.0,
  "currentCardDebt" : 2150.8,
  "creditCardUsageDuration" : 2,
  "collateralCount" : 1,
  "totalCollateralValue" : 30613.91,
  "creditScore" : 0,
  "eligibleLoanAmount" : 0
}