{
  "incomeStabilityScore" : 0.95,
  "debtToIncomeRatio" : 1.098076129032258,
  "paymentDisciplineRatio" : 0.7777777777777778,
  "latePaymentSeverity" : 0.035252271127567396,
  "ageIncomeRatio" : 2348.4848484848485,
  "creditExperienceRatio" : 0.15151515151515152,
  "avgDebtPerCount" : 9455.655555555555,
  "onTimeAmountRatio" : 0.9647477288724327,
  "lateDebtFrequency" : 0.2222222222222222,
  "monthlyPaymentCapacity" : 561.5942028985507,
  "loanDurationExperience" : 27.6,
  "collateralToIncome" : 0.612062064516129,
  "collateralPerMonth" : 343.7305072463768,
  "creditUtilizationRatio" : 0.0,
  "personTc" : 10000000045,
  "loanId" : 767,
  "age" : 33,
  "monthlyIncome" : 77500.0,
  "employmentStatusCode" : 1,
  "educationLevelCode" : 5,
  "maritalStatusCode" : 2,
  "loanTypeCode" : 1,
  "loanTerm" : 138,
  "totalDebtCount" : 9,
  "totalDebtAmount" : 85100.9,
  "onTimeDebtCount" : 7,
  "onTimeDebtAmount" : 82100.9,
  "lateDebtCount" : 2,
  "lateDebtAmount" : 3000.0,
  "loanApplicationsLastYear" : 4,
  "creditCardLimit" : 22500.0,
  "currentCardDebt" : 0.0,
  "creditCardUsageDuration" : 5,
  "collateralCount" : 1,
  "totalCollateralValue" : 47434.81,
  "creditScore" : 0,
  "eligibleLoanAmount" : 0
}