{
  "incomeStabilityScore" : 0.9,
  "debtToIncomeRatio" : 2.1875,
  "paymentDisciplineRatio" : 0.9230769230769231,
  "latePaymentSeverity" : 0.047619047619047616,
  "ageIncomeRatio" : 1548.3870967741937,
  "creditExperienceRatio" : 0.1935483870967742,
  "avgDebtPerCount" : 8076.923076923077,
  "onTimeAmountRatio" : 0.9523809523809523,
  "lateDebtFrequency" : 0.07692307692307693,
  "monthlyPaymentCapacity" : 1333.3333333333333,
  "loanDurationExperience" : 6.0,
  "collateralToIncome" : 0.6458333333333334,
  "collateralPerMonth" : 861.1111111111111,
  "creditUtilizationRatio" : 0.25,
  "personTc" : 10000000007,
  "loanId" : 1180,
  "age" : 31,
  "monthlyIncome" : 48000.0,
  "employmentStatusCode" : 1,
  "educationLevelCode" : 4,
  "maritalStatusCode" : 3,
  "loanTypeCode" : 2,
  "loanTerm" : 36,
  "totalDebtCount" : 13,
  "totalDebtAmount" : 105000.0,
  "onTimeDebtCount" : 12,
  "onTimeDebtAmount" : 100000.0,
  "lateDebtCount" : 1,
  "lateDebtAmount" : 5000.0,
  "loanApplicationsLastYear" : 6,
  "creditCardLimit" : 18000.0,
  "currentCardDebt" : 4500.0,
  "creditCardUsageDuration" : 6,
  "collateralCount" : 1,
  "totalCollateralValue" : 31000.0,
  "creditScore" : 0,
  "eligibleLoanAmount" : 0
}