{
  "incomeStabilityScore" : 0.8500000000000001,
  "debtToIncomeRatio" : 1.3180360655737704,
  "paymentDisciplineRatio" : 0.8461538461538461,
  "latePaymentSeverity" : 0.02487556001104475,
  "ageIncomeRatio" : 2218.181818181818,
  "creditExperienceRatio" : 0.2,
  "avgDebtPerCount" : 12369.261538461538,
  "onTimeAmountRatio" : 0.9751244399889553,
  "lateDebtFrequency" : 0.15384615384615385,
  "monthlyPaymentCapacity" : 1070.1754385964912,
  "loanDurationExperience" : 10.363636363636363,
  "collateralToIncome" : 0.0,
  "collateralPerMonth" : 0.0,
  "creditUtilizationRatio" : 0.2282673913043478,
  "personTc" : 10000000095,
  "loanId" : 1201,
  "age" : 55,
  "monthlyIncome" : 122000.0,
  "employmentStatusCode" : 3,
  "educationLevelCode" : 4,
  "maritalStatusCode" : 2,
  "loanTypeCode" : 5,
  "loanTerm" : 114,
  "totalDebtCount" : 13,
  "totalDebtAmount" : 160800.4,
  "onTimeDebtCount" : 11,
  "onTimeDebtAmount" : 156800.4,
  "lateDebtCount" : 2,
  "lateDebtAmount" : 4000.0,
  "loanApplicationsLastYear" : 6,
  "creditCardLimit" : 46000.0,
  "currentCardDebt" : 10500.3,
  "creditCardUsageDuration" : 11,
  "collateralCount" : 0,
  "totalCollateralValue" : 0.0,
  "creditScore" : 0,
  "eligibleLoanAmount" : 0
}