{
  "incomeStabilityScore" : 0.95,
  "debtToIncomeRatio" : 1.324514705882353,
  "paymentDisciplineRatio" : 0.8333333333333334,
  "latePaymentSeverity" : 0.022205691318684977,
  "ageIncomeRatio" : 2615.3846153846152,
  "creditExperienceRatio" : 0.20512820512820512,
  "avgDebtPerCount" : 11258.375,
  "onTimeAmountRatio" : 0.977794308681315,
  "lateDebtFrequency" : 0.16666666666666666,
  "monthlyPaymentCapacity" : 944.4444444444445,
  "loanDurationExperience" : 13.5,
  "collateralToIncome" : 0.3787719607843137,
  "collateralPerMonth" : 357.72907407407405,
  "creditUtilizationRatio" : 0.0,
  "personTc" : 10000000087,
  "loanId" : 490,
  "age" : 39,
  "monthlyIncome" : 102000.0,
  "employmentStatusCode" : 1,
  "educationLevelCode" : 5,
  "maritalStatusCode" : 2,
  "loanTypeCode" : 3,
  "loanTerm" : 108,
  "totalDebtCount" : 12,
  "totalDebtAmount" : 135100.5,
  "onTimeDebtCount" : 10,
  "onTimeDebtAmount" : 132100.5,
  "lateDebtCount" : 2,
  "lateDebtAmount" : 3000.0,
  "loanApplicationsLastYear" : 6,
  "creditCardLimit" : 36500.0,
  "currentCardDebt" : 0.0,
  "creditCardUsageDuration" : 8,
  "collateralCount" : 1,
  "totalCollateralValue" : 38634.74,
  "creditScore" : 0,
  "eligibleLoanAmount" : 0
}