{
  "incomeStabilityScore" : 0.7,
  "debtToIncomeRatio" : 1.0038490384615384,
  "paymentDisciplineRatio" : 0.7142857142857143,
  "latePaymentSeverity" : 0.057471099220979247,
  "ageIncomeRatio" : 866.6666666666666,
  "creditExperienceRatio" : 0.13333333333333333,
  "avgDebtPerCount" : 7457.164285714286,
  "onTimeAmountRatio" : 0.9425289007790207,
  "lateDebtFrequency" : 0.2857142857142857,
  "monthlyPaymentCapacity" : 433.3333333333333,
  "loanDurationExperience" : 15.0,
  "collateralToIncome" : 4.8076923076923075,
  "collateralPerMonth" : 2083.3333333333335,
  "creditUtilizationRatio" : 0.2714742857142857,
  "personTc" : 10000000069,
  "loanId" : 1054,
  "age" : 60,
  "monthlyIncome" : 52000.0,
  "employmentStatusCode" : 7,
  "educationLevelCode" : 4,
  "maritalStatusCode" : 2,
  "loanTypeCode" : 2,
  "loanTerm" : 120,
  "totalDebtCount" : 7,
  "totalDebtAmount" : 52200.15,
  "onTimeDebtCount" : 5,
  "onTimeDebtAmount" : 49200.15,
  "lateDebtCount" : 2,
  "lateDebtAmount" : 3000.0,
  "loanApplicationsLastYear" : 3,
  "creditCardLimit" : 17500.0,
  "currentCardDebt" : 4750.8,
  "creditCardUsageDuration" : 8,
  "collateralCount" : 1,
  "totalCollateralValue" : 250000.0,
  "creditScore" : 0,
  "eligibleLoanAmount" : 0
}