{
  "incomeStabilityScore" : 0.6000000000000001,
  "debtToIncomeRatio" : 0.06906190476190475,
  "paymentDisciplineRatio" : 0.6666666666666666,
  "latePaymentSeverity" : 0.2068537543956423,
  "ageIncomeRatio" : 954.5454545454545,
  "creditExperienceRatio" : 0.045454545454545456,
  "avgDebtPerCount" : 483.43333333333334,
  "onTimeAmountRatio" : 0.7931462456043578,
  "lateDebtFrequency" : 0.3333333333333333,
  "monthlyPaymentCapacity" : 145.83333333333334,
  "loanDurationExperience" : 144.0,
  "collateralToIncome" : 4.474731428571428,
  "collateralPerMonth" : 652.565,
  "creditUtilizationRatio" : 0.23652727272727275,
  "personTc" : 10000000065,
  "loanId" : 874,
  "age" : 22,
  "monthlyIncome" : 21000.0,
  "employmentStatusCode" : 6,
  "educationLevelCode" : 4,
  "maritalStatusCode" : 1,
  "loanTypeCode" : 1,
  "loanTerm" : 144,
  "totalDebtCount" : 3,
  "totalDebtAmount" : 1450.3,
  "onTimeDebtCount" : 2,
  "onTimeDebtAmount" : 1150.3,
  "lateDebtCount" : 1,
  "lateDebtAmount" : 300.0,
  "loanApplicationsLastYear" : 1,
  "creditCardLimit" : 2750.0,
  "currentCardDebt" : 650.45,
  "creditCardUsageDuration" : 1,
  "collateralCount" : 2,
  "totalCollateralValue" : 93969.36,
  "creditScore" : 0,
  "eligibleLoanAmount" : 0
}