{
  "incomeStabilityScore" : 0.55,
  "debtToIncomeRatio" : 0.8466699999999999,
  "paymentDisciplineRatio" : 0.7142857142857143,
  "latePaymentSeverity" : 0.11810977122137314,
  "ageIncomeRatio" : 454.54545454545456,
  "creditExperienceRatio" : 0.19696969696969696,
  "avgDebtPerCount" : 3628.585714285714,
  "onTimeAmountRatio" : 0.8818902287786269,
  "lateDebtFrequency" : 0.2857142857142857,
  "monthlyPaymentCapacity" : 384.61538461538464,
  "loanDurationExperience" : 6.0,
  "collateralToIncome" : 16.866666666666667,
  "collateralPerMonth" : 6487.179487179487,
  "creditUtilizationRatio" : 0.0,
  "personTc" : 10000000091,
  "loanId" : 242,
  "age" : 66,
  "monthlyIncome" : 30000.0,
  "employmentStatusCode" : 5,
  "educationLevelCode" : 3,
  "maritalStatusCode" : 2,
  "loanTypeCode" : 3,
  "loanTerm" : 78,
  "totalDebtCount" : 7,
  "totalDebtAmount" : 25400.1,
  "onTimeDebtCount" : 5,
  "onTimeDebtAmount" : 22400.1,
  "lateDebtCount" : 2,
  "lateDebtAmount" : 3000.0,
  "loanApplicationsLastYear" : 3,
  "creditCardLimit" : 10500.0,
  "currentCardDebt" : 0.0,
  "creditCardUsageDuration" : 13,
  "collateralCount" : 3,
  "totalCollateralValue" : 506000.0,
  "creditScore" : 0,
  "eligibleLoanAmount" : 0
}