{
  "incomeStabilityScore" : 0.6000000000000001,
  "debtToIncomeRatio" : 0.5,
  "paymentDisciplineRatio" : 0.6666666666666666,
  "latePaymentSeverity" : 0.3333333333333333,
  "ageIncomeRatio" : 1043.4782608695652,
  "creditExperienceRatio" : 0.13043478260869565,
  "avgDebtPerCount" : 2000.0,
  "onTimeAmountRatio" : 0.6666666666666666,
  "lateDebtFrequency" : 0.3333333333333333,
  "monthlyPaymentCapacity" : 166.66666666666666,
  "loanDurationExperience" : 48.0,
  "collateralToIncome" : 0.8471975,
  "collateralPerMonth" : 141.19958333333335,
  "creditUtilizationRatio" : 0.16666666666666666,
  "personTc" : 10000000029,
  "loanId" : 387,
  "age" : 23,
  "monthlyIncome" : 24000.0,
  "employmentStatusCode" : 6,
  "educationLevelCode" : 4,
  "maritalStatusCode" : 1,
  "loanTypeCode" : 1,
  "loanTerm" : 144,
  "totalDebtCount" : 6,
  "totalDebtAmount" : 12000.0,
  "onTimeDebtCount" : 4,
  "onTimeDebtAmount" : 8000.0,
  "lateDebtCount" : 2,
  "lateDebtAmount" : 4000.0,
  "loanApplicationsLastYear" : 2,
  "creditCardLimit" : 6000.0,
  "currentCardDebt" : 1000.0,
  "creditCardUsageDuration" : 3,
  "collateralCount" : 1,
  "totalCollateralValue" : 20332.74,
  "creditScore" : 0,
  "eligibleLoanAmount" : 0
}