{
  "incomeStabilityScore" : 0.3,
  "debtToIncomeRatio" : 2.35016,
  "paymentDisciplineRatio" : 0.3333333333333333,
  "latePaymentSeverity" : 0.34040235558430065,
  "ageIncomeRatio" : 138.88888888888889,
  "creditExperienceRatio" : 0.08333333333333333,
  "avgDebtPerCount" : 3916.933333333333,
  "onTimeAmountRatio" : 0.6595976444156995,
  "lateDebtFrequency" : 0.6666666666666666,
  "monthlyPaymentCapacity" : 92.5925925925926,
  "loanDurationExperience" : 18.0,
  "collateralToIncome" : 44.948674,
  "collateralPerMonth" : 4161.914259259259,
  "creditUtilizationRatio" : 0.7502142857142857,
  "personTc" : 10000000082,
  "loanId" : 542,
  "age" : 36,
  "monthlyIncome" : 5000.0,
  "employmentStatusCode" : 4,
  "educationLevelCode" : 1,
  "maritalStatusCode" : 3,
  "loanTypeCode" : 2,
  "loanTerm" : 54,
  "totalDebtCount" : 3,
  "totalDebtAmount" : 11750.8,
  "onTimeDebtCount" : 1,
  "onTimeDebtAmount" : 7750.8,
  "lateDebtCount" : 2,
  "lateDebtAmount" : 4000.0,
  "loanApplicationsLastYear" : 1,
  "creditCardLimit" : 4200.0,
  "currentCardDebt" : 3150.9,
  "creditCardUsageDuration" : 3,
  "collateralCount" : 1,
  "totalCollateralValue" : 224743.37,
  "creditScore" : 0,
  "eligibleLoanAmount" : 0
}