{
  "incomeStabilityScore" : 0.7,
  "debtToIncomeRatio" : 0.9761482178181307,
  "paymentDisciplineRatio" : 0.7142857142857143,
  "latePaymentSeverity" : 0.0751874046059804,
  "ageIncomeRatio" : 1048.0832692307692,
  "creditExperienceRatio" : 0.09615384615384616,
  "avgDebtPerCount" : 7600.057142857143,
  "onTimeAmountRatio" : 0.9248125953940196,
  "lateDebtFrequency" : 0.2857142857142857,
  "monthlyPaymentCapacity" : 4541.694166666667,
  "loanDurationExperience" : 2.4,
  "collateralToIncome" : 1.834851275212462,
  "collateralPerMonth" : 8333.333333333334,
  "creditUtilizationRatio" : 0.33244594594594595,
  "personTc" : 10000000041,
  "loanId" : 97,
  "age" : 52,
  "monthlyIncome" : 54500.33,
  "employmentStatusCode" : 7,
  "educationLevelCode" : 4,
  "maritalStatusCode" : 2,
  "loanTypeCode" : 4,
  "loanTerm" : 12,
  "totalDebtCount" : 7,
  "totalDebtAmount" : 53200.4,
  "onTimeDebtCount" : 5,
  "onTimeDebtAmount" : 49200.4,
  "lateDebtCount" : 2,
  "lateDebtAmount" : 4000.0,
  "loanApplicationsLastYear" : 4,
  "creditCardLimit" : 18500.0,
  "currentCardDebt" : 6150.25,
  "creditCardUsageDuration" : 5,
  "collateralCount" : 2,
  "totalCollateralValue" : 100000.0,
  "creditScore" : 0,
  "eligibleLoanAmount" : 0
}