{
  "incomeStabilityScore" : 0.9,
  "debtToIncomeRatio" : 1.2312860335195532,
  "paymentDisciplineRatio" : 0.8181818181818182,
  "latePaymentSeverity" : 0.02722320578656462,
  "ageIncomeRatio" : 3196.4285714285716,
  "creditExperienceRatio" : 0.25,
  "avgDebtPerCount" : 10018.19090909091,
  "onTimeAmountRatio" : 0.9727767942134353,
  "lateDebtFrequency" : 0.18181818181818182,
  "monthlyPaymentCapacity" : 1491.6666666666667,
  "loanDurationExperience" : 8.571428571428571,
  "collateralToIncome" : 1.6794462569832402,
  "collateralPerMonth" : 2505.174,
  "creditUtilizationRatio" : 0.0,
  "personTc" : 10000000073,
  "loanId" : 840,
  "age" : 28,
  "monthlyIncome" : 89500.0,
  "employmentStatusCode" : 1,
  "educationLevelCode" : 4,
  "maritalStatusCode" : 2,
  "loanTypeCode" : 5,
  "loanTerm" : 60,
  "totalDebtCount" : 11,
  "totalDebtAmount" : 110200.1,
  "onTimeDebtCount" : 9,
  "onTimeDebtAmount" : 107200.1,
  "lateDebtCount" : 2,
  "lateDebtAmount" : 3000.0,
  "loanApplicationsLastYear" : 5,
  "creditCardLimit" : 30500.0,
  "currentCardDebt" : 0.0,
  "creditCardUsageDuration" : 7,
  "collateralCount" : 1,
  "totalCollateralValue" : 150310.44,
  "creditScore" : 0,
  "eligibleLoanAmount" : 0
}