{
  "incomeStabilityScore" : 0.6000000000000001,
  "debtToIncomeRatio" : 0.07320975609756097,
  "paymentDisciplineRatio" : 0.6666666666666666,
  "latePaymentSeverity" : 0.19989339019189767,
  "ageIncomeRatio" : 931.8181818181819,
  "creditExperienceRatio" : 0.045454545454545456,
  "avgDebtPerCount" : 500.26666666666665,
  "onTimeAmountRatio" : 0.8001066098081023,
  "lateDebtFrequency" : 0.3333333333333333,
  "monthlyPaymentCapacity" : 284.72222222222223,
  "loanDurationExperience" : 72.0,
  "collateralToIncome" : 1.191449268292683,
  "collateralPerMonth" : 339.2320833333333,
  "creditUtilizationRatio" : 0.23943478260869566,
  "personTc" : 10000000100,
  "loanId" : 814,
  "age" : 22,
  "monthlyIncome" : 20500.0,
  "employmentStatusCode" : 6,
  "educationLevelCode" : 4,
  "maritalStatusCode" : 1,
  "loanTypeCode" : 1,
  "loanTerm" : 72,
  "totalDebtCount" : 3,
  "totalDebtAmount" : 1500.8,
  "onTimeDebtCount" : 2,
  "onTimeDebtAmount" : 1200.8,
  "lateDebtCount" : 1,
  "lateDebtAmount" : 300.0,
  "loanApplicationsLastYear" : 1,
  "creditCardLimit" : 2300.0,
  "currentCardDebt" : 550.7,
  "creditCardUsageDuration" : 1,
  "collateralCount" : 1,
  "totalCollateralValue" : 24424.71,
  "creditScore" : 0,
  "eligibleLoanAmount" : 0
}