{
  "incomeStabilityScore" : 0.75,
  "debtToIncomeRatio" : 1.0571553571428571,
  "paymentDisciplineRatio" : 0.7777777777777778,
  "latePaymentSeverity" : 0.06756676863618168,
  "ageIncomeRatio" : 933.3333333333334,
  "creditExperienceRatio" : 0.15,
  "avgDebtPerCount" : 6577.855555555555,
  "onTimeAmountRatio" : 0.9324332313638183,
  "lateDebtFrequency" : 0.2222222222222222,
  "monthlyPaymentCapacity" : 1333.3333333333333,
  "loanDurationExperience" : 4.666666666666667,
  "collateralToIncome" : 9.438128749999999,
  "collateralPerMonth" : 12584.171666666665,
  "creditUtilizationRatio" : 0.29524523809523806,
  "personTc" : 10000000097,
  "loanId" : 581,
  "age" : 60,
  "monthlyIncome" : 56000.0,
  "employmentStatusCode" : 7,
  "educationLevelCode" : 5,
  "maritalStatusCode" : 2,
  "loanTypeCode" : 2,
  "loanTerm" : 42,
  "totalDebtCount" : 9,
  "totalDebtAmount" : 59200.7,
  "onTimeDebtCount" : 7,
  "onTimeDebtAmount" : 55200.7,
  "lateDebtCount" : 2,
  "lateDebtAmount" : 4000.0,
  "loanApplicationsLastYear" : 4,
  "creditCardLimit" : 21000.0,
  "currentCardDebt" : 6200.15,
  "creditCardUsageDuration" : 9,
  "collateralCount" : 2,
  "totalCollateralValue" : 528535.21,
  "creditScore" : 0,
  "eligibleLoanAmount" : 0
}