{
  "incomeStabilityScore" : 0.75,
  "debtToIncomeRatio" : 1.407629661016949,
  "paymentDisciplineRatio" : 0.8461538461538461,
  "latePaymentSeverity" : 0.024081834891327713,
  "ageIncomeRatio" : 2185.185185185185,
  "creditExperienceRatio" : 0.18518518518518517,
  "avgDebtPerCount" : 12776.946153846153,
  "onTimeAmountRatio" : 0.9759181651086722,
  "lateDebtFrequency" : 0.15384615384615385,
  "monthlyPaymentCapacity" : 3277.777777777778,
  "loanDurationExperience" : 3.6,
  "collateralToIncome" : 0.3432203389830508,
  "collateralPerMonth" : 1125.0,
  "creditUtilizationRatio" : 0.26883655913978494,
  "personTc" : 10000000067,
  "loanId" : 139,
  "age" : 54,
  "monthlyIncome" : 118000.0,
  "employmentStatusCode" : 3,
  "educationLevelCode" : 3,
  "maritalStatusCode" : 2,
  "loanTypeCode" : 1,
  "loanTerm" : 36,
  "totalDebtCount" : 13,
  "totalDebtAmount" : 166100.3,
  "onTimeDebtCount" : 11,
  "onTimeDebtAmount" : 162100.3,
  "lateDebtCount" : 2,
  "lateDebtAmount" : 4000.0,
  "loanApplicationsLastYear" : 6,
  "creditCardLimit" : 46500.0,
  "currentCardDebt" : 12500.9,
  "creditCardUsageDuration" : 10,
  "collateralCount" : 2,
  "totalCollateralValue" : 40500.0,
  "creditScore" : 0,
  "eligibleLoanAmount" : 0
}