{
  "incomeStabilityScore" : 0.9,
  "debtToIncomeRatio" : 1.3208385416666666,
  "paymentDisciplineRatio" : 0.9090909090909091,
  "latePaymentSeverity" : 0.03154561693368717,
  "ageIncomeRatio" : 2666.6666666666665,
  "creditExperienceRatio" : 0.19444444444444445,
  "avgDebtPerCount" : 11527.318181818182,
  "onTimeAmountRatio" : 0.9684543830663128,
  "lateDebtFrequency" : 0.09090909090909091,
  "monthlyPaymentCapacity" : 1066.6666666666667,
  "loanDurationExperience" : 12.857142857142858,
  "collateralToIncome" : 0.39424125000000004,
  "collateralPerMonth" : 420.52400000000006,
  "creditUtilizationRatio" : 0.0,
  "personTc" : 10000000052,
  "loanId" : 733,
  "age" : 36,
  "monthlyIncome" : 96000.0,
  "employmentStatusCode" : 1,
  "educationLevelCode" : 4,
  "maritalStatusCode" : 2,
  "loanTypeCode" : 2,
  "loanTerm" : 90,
  "totalDebtCount" : 11,
  "totalDebtAmount" : 126800.5,
  "onTimeDebtCount" : 10,
  "onTimeDebtAmount" : 122800.5,
  "lateDebtCount" : 1,
  "lateDebtAmount" : 4000.0,
  "loanApplicationsLastYear" : 6,
  "creditCardLimit" : 31000.0,
  "currentCardDebt" : 0.0,
  "creditCardUsageDuration" : 7,
  "collateralCount" : 1,
  "totalCollateralValue" : 37847.16,
  "creditScore" : 0,
  "eligibleLoanAmount" : 0
}