{
  "incomeStabilityScore" : 0.7,
  "debtToIncomeRatio" : 1.8,
  "paymentDisciplineRatio" : 0.8571428571428571,
  "latePaymentSeverity" : 0.06666666666666667,
  "ageIncomeRatio" : 714.2857142857143,
  "creditExperienceRatio" : 0.2,
  "avgDebtPerCount" : 6428.571428571428,
  "onTimeAmountRatio" : 0.9333333333333333,
  "lateDebtFrequency" : 0.14285714285714285,
  "monthlyPaymentCapacity" : 378.7878787878788,
  "loanDurationExperience" : 9.428571428571429,
  "collateralToIncome" : 110.8597808,
  "collateralPerMonth" : 41992.34121212121,
  "creditUtilizationRatio" : 0.3333333333333333,
  "personTc" : 10000000033,
  "loanId" : 834,
  "age" : 35,
  "monthlyIncome" : 25000.0,
  "employmentStatusCode" : 7,
  "educationLevelCode" : 4,
  "maritalStatusCode" : 2,
  "loanTypeCode" : 3,
  "loanTerm" : 66,
  "totalDebtCount" : 7,
  "totalDebtAmount" : 45000.0,
  "onTimeDebtCount" : 6,
  "onTimeDebtAmount" : 42000.0,
  "lateDebtCount" : 1,
  "lateDebtAmount" : 3000.0,
  "loanApplicationsLastYear" : 5,
  "creditCardLimit" : 15000.0,
  "currentCardDebt" : 5000.0,
  "creditCardUsageDuration" : 7,
  "collateralCount" : 2,
  "totalCollateralValue" : 2771494.52,
  "creditScore" : 0,
  "eligibleLoanAmount" : 0
}