{
  "incomeStabilityScore" : 0.75,
  "debtToIncomeRatio" : 1.456441584158416,
  "paymentDisciplineRatio" : 0.7692307692307693,
  "latePaymentSeverity" : 0.06798068804613985,
  "ageIncomeRatio" : 2463.4146341463415,
  "creditExperienceRatio" : 0.21951219512195122,
  "avgDebtPerCount" : 11315.43076923077,
  "onTimeAmountRatio" : 0.9320193119538601,
  "lateDebtFrequency" : 0.23076923076923078,
  "monthlyPaymentCapacity" : 765.1515151515151,
  "loanDurationExperience" : 14.666666666666666,
  "collateralToIncome" : 2.277227722772277,
  "collateralPerMonth" : 1742.4242424242425,
  "creditUtilizationRatio" : 0.25120095693779904,
  "personTc" : 10000000081,
  "loanId" : 1004,
  "age" : 41,
  "monthlyIncome" : 101000.0,
  "employmentStatusCode" : 3,
  "educationLevelCode" : 3,
  "maritalStatusCode" : 2,
  "loanTypeCode" : 5,
  "loanTerm" : 132,
  "totalDebtCount" : 13,
  "totalDebtAmount" : 147100.6,
  "onTimeDebtCount" : 10,
  "onTimeDebtAmount" : 137100.6,
  "lateDebtCount" : 3,
  "lateDebtAmount" : 10000.0,
  "loanApplicationsLastYear" : 6,
  "creditCardLimit" : 41800.0,
  "currentCardDebt" : 10500.2,
  "creditCardUsageDuration" : 9,
  "collateralCount" : 2,
  "totalCollateralValue" : 230000.0,
  "creditScore" : 0,
  "eligibleLoanAmount" : 0
}