{
  "incomeStabilityScore" : 0.95,
  "debtToIncomeRatio" : 1.1893426666666667,
  "paymentDisciplineRatio" : 0.8888888888888888,
  "latePaymentSeverity" : 0.03363202306708356,
  "ageIncomeRatio" : 2884.6153846153848,
  "creditExperienceRatio" : 0.23076923076923078,
  "avgDebtPerCount" : 9911.188888888888,
  "onTimeAmountRatio" : 0.9663679769329164,
  "lateDebtFrequency" : 0.1111111111111111,
  "monthlyPaymentCapacity" : 694.4444444444445,
  "loanDurationExperience" : 18.0,
  "collateralToIncome" : 0.43412613333333333,
  "collateralPerMonth" : 301.47648148148147,
  "creditUtilizationRatio" : 0.0,
  "personTc" : 10000000066,
  "loanId" : 559,
  "age" : 26,
  "monthlyIncome" : 75000.0,
  "employmentStatusCode" : 1,
  "educationLevelCode" : 5,
  "maritalStatusCode" : 1,
  "loanTypeCode" : 1,
  "loanTerm" : 108,
  "totalDebtCount" : 9,
  "totalDebtAmount" : 89200.7,
  "onTimeDebtCount" : 8,
  "onTimeDebtAmount" : 86200.7,
  "lateDebtCount" : 1,
  "lateDebtAmount" : 3000.0,
  "loanApplicationsLastYear" : 5,
  "creditCardLimit" : 29500.0,
  "currentCardDebt" : 0.0,
  "creditCardUsageDuration" : 6,
  "collateralCount" : 1,
  "totalCollateralValue" : 32559.46,
  "creditScore" : 0,
  "eligibleLoanAmount" : 0
}