{
  "incomeStabilityScore" : 0.45,
  "debtToIncomeRatio" : 0.7356223021582734,
  "paymentDisciplineRatio" : 0.6666666666666666,
  "latePaymentSeverity" : 0.09779807631183896,
  "ageIncomeRatio" : 414.92537313432837,
  "creditExperienceRatio" : 0.19402985074626866,
  "avgDebtPerCount" : 3408.383333333333,
  "onTimeAmountRatio" : 0.9022019236881611,
  "lateDebtFrequency" : 0.3333333333333333,
  "monthlyPaymentCapacity" : 330.95238095238096,
  "loanDurationExperience" : 6.461538461538462,
  "collateralToIncome" : 4.943962230215827,
  "collateralPerMonth" : 1636.2160714285715,
  "creditUtilizationRatio" : 0.0,
  "personTc" : 10000000098,
  "loanId" : 940,
  "age" : 67,
  "monthlyIncome" : 27800.0,
  "employmentStatusCode" : 5,
  "educationLevelCode" : 2,
  "maritalStatusCode" : 2,
  "loanTypeCode" : 5,
  "loanTerm" : 84,
  "totalDebtCount" : 6,
  "totalDebtAmount" : 20450.3,
  "onTimeDebtCount" : 4,
  "onTimeDebtAmount" : 18450.3,
  "lateDebtCount" : 2,
  "lateDebtAmount" : 2000.0,
  "loanApplicationsLastYear" : 2,
  "creditCardLimit" : 8500.0,
  "currentCardDebt" : 0.0,
  "creditCardUsageDuration" : 13,
  "collateralCount" : 1,
  "totalCollateralValue" : 137442.15,
  "creditScore" : 0,
  "eligibleLoanAmount" : 0
}