{
  "incomeStabilityScore" : 0.75,
  "debtToIncomeRatio" : 1.4007145390070923,
  "paymentDisciplineRatio" : 0.7857142857142857,
  "latePaymentSeverity" : 0.05063271911625652,
  "ageIncomeRatio" : 3000.0,
  "creditExperienceRatio" : 0.2127659574468085,
  "avgDebtPerCount" : 14107.19642857143,
  "onTimeAmountRatio" : 0.9493672808837434,
  "lateDebtFrequency" : 0.21428571428571427,
  "monthlyPaymentCapacity" : 1566.6666666666667,
  "loanDurationExperience" : 9.0,
  "collateralToIncome" : 1.0785292907801418,
  "collateralPerMonth" : 1689.695888888889,
  "creditUtilizationRatio" : 0.35923106796116505,
  "personTc" : 10000000088,
  "loanId" : 575,
  "age" : 47,
  "monthlyIncome" : 141000.0,
  "employmentStatusCode" : 3,
  "educationLevelCode" : 3,
  "maritalStatusCode" : 3,
  "loanTypeCode" : 4,
  "loanTerm" : 90,
  "totalDebtCount" : 14,
  "totalDebtAmount" : 197500.75,
  "onTimeDebtCount" : 11,
  "onTimeDebtAmount" : 187500.75,
  "lateDebtCount" : 3,
  "lateDebtAmount" : 10000.0,
  "loanApplicationsLastYear" : 7,
  "creditCardLimit" : 51500.0,
  "currentCardDebt" : 18500.4,
  "creditCardUsageDuration" : 10,
  "collateralCount" : 2,
  "totalCollateralValue" : 152072.63,
  "creditScore" : 0,
  "eligibleLoanAmount" : 0
}