{
  "incomeStabilityScore" : 0.55,
  "debtToIncomeRatio" : 1.5833333333333333,
  "paymentDisciplineRatio" : 0.8888888888888888,
  "latePaymentSeverity" : 0.05263157894736842,
  "ageIncomeRatio" : 1000.0,
  "creditExperienceRatio" : 0.08333333333333333,
  "avgDebtPerCount" : 10555.555555555555,
  "onTimeAmountRatio" : 0.9473684210526315,
  "lateDebtFrequency" : 0.1111111111111111,
  "monthlyPaymentCapacity" : 1250.0,
  "loanDurationExperience" : 9.6,
  "collateralToIncome" : 0.5833333333333334,
  "collateralPerMonth" : 729.1666666666666,
  "creditUtilizationRatio" : 0.20588235294117646,
  "personTc" : 10000000021,
  "loanId" : 44,
  "age" : 60,
  "monthlyIncome" : 60000.0,
  "employmentStatusCode" : 5,
  "educationLevelCode" : 3,
  "maritalStatusCode" : 2,
  "loanTypeCode" : 2,
  "loanTerm" : 48,
  "totalDebtCount" : 9,
  "totalDebtAmount" : 95000.0,
  "onTimeDebtCount" : 8,
  "onTimeDebtAmount" : 90000.0,
  "lateDebtCount" : 1,
  "lateDebtAmount" : 5000.0,
  "loanApplicationsLastYear" : 5,
  "creditCardLimit" : 17000.0,
  "currentCardDebt" : 3500.0,
  "creditCardUsageDuration" : 5,
  "collateralCount" : 1,
  "totalCollateralValue" : 35000.0,
  "creditScore" : 0,
  "eligibleLoanAmount" : 0
}