{
  "incomeStabilityScore" : 0.35,
  "debtToIncomeRatio" : 2.0903499079189687,
  "paymentDisciplineRatio" : 0.3333333333333333,
  "latePaymentSeverity" : 0.3524042781879372,
  "ageIncomeRatio" : 159.7058823529412,
  "creditExperienceRatio" : 0.08823529411764706,
  "avgDebtPerCount" : 3783.5333333333333,
  "onTimeAmountRatio" : 0.6475957218120628,
  "lateDebtFrequency" : 0.6666666666666666,
  "monthlyPaymentCapacity" : 41.13636363636363,
  "loanDurationExperience" : 44.0,
  "collateralToIncome" : 27.624309392265193,
  "collateralPerMonth" : 1136.3636363636363,
  "creditUtilizationRatio" : 0.5946216216216216,
  "personTc" : 10000000061,
  "loanId" : 1063,
  "age" : 34,
  "monthlyIncome" : 5430.0,
  "employmentStatusCode" : 4,
  "educationLevelCode" : 2,
  "maritalStatusCode" : 1,
  "loanTypeCode" : 1,
  "loanTerm" : 132,
  "totalDebtCount" : 3,
  "totalDebtAmount" : 11350.6,
  "onTimeDebtCount" : 1,
  "onTimeDebtAmount" : 7350.6,
  "lateDebtCount" : 2,
  "lateDebtAmount" : 4000.0,
  "loanApplicationsLastYear" : 1,
  "creditCardLimit" : 3700.0,
  "currentCardDebt" : 2200.1,
  "creditCardUsageDuration" : 3,
  "collateralCount" : 1,
  "totalCollateralValue" : 150000.0,
  "creditScore" : 0,
  "eligibleLoanAmount" : 0
}