{
  "incomeStabilityScore" : 0.9,
  "debtToIncomeRatio" : 1.2094769230769231,
  "paymentDisciplineRatio" : 0.8181818181818182,
  "latePaymentSeverity" : 0.029353977659666068,
  "ageIncomeRatio" : 2725.8064516129034,
  "creditExperienceRatio" : 0.22580645161290322,
  "avgDebtPerCount" : 9290.98181818182,
  "onTimeAmountRatio" : 0.9706460223403339,
  "lateDebtFrequency" : 0.18181818181818182,
  "monthlyPaymentCapacity" : 1760.4166666666667,
  "loanDurationExperience" : 6.857142857142857,
  "collateralToIncome" : 0.28402366863905326,
  "collateralPerMonth" : 500.0,
  "creditUtilizationRatio" : 0.0,
  "personTc" : 10000000094,
  "loanId" : 179,
  "age" : 31,
  "monthlyIncome" : 84500.0,
  "employmentStatusCode" : 1,
  "educationLevelCode" : 4,
  "maritalStatusCode" : 2,
  "loanTypeCode" : 2,
  "loanTerm" : 48,
  "totalDebtCount" : 11,
  "totalDebtAmount" : 102200.8,
  "onTimeDebtCount" : 9,
  "onTimeDebtAmount" : 99200.8,
  "lateDebtCount" : 2,
  "lateDebtAmount" : 3000.0,
  "loanApplicationsLastYear" : 5,
  "creditCardLimit" : 29000.0,
  "currentCardDebt" : 0.0,
  "creditCardUsageDuration" : 7,
  "collateralCount" : 1,
  "totalCollateralValue" : 24000.0,
  "creditScore" : 0,
  "eligibleLoanAmount" : 0
}